State Code,Date,Sleep Hours,Mood (1-5),Productivity (1-5),Steps Taken,Notes
SO/25A/2208,19/06/2025,4,4,3,10061,intense heat
SO/25A/1462,19/06/2025,3.5,4,3,10061,mercury heat
SO/25A/2208,20/06/2025,4,4,3,9692,moderate engagement
SO/25A/1918,20/06/2025,4,4,3,9934,Dehydrating Heat
SO/25A/2018,21/06/2025,4,3,3,13440,Intense heat
SO/25A/2208,21/06/2025,4,2,2,11907,Got upset
SO/25A/1546,21/06/2025,3,3,4,21055,Dehydration
SO/25A/2208,22/06/2025,6,3,3,7361,anxiety
SO/25A/1932,22/06/2025,5,4,4,4031,intense heat
SO/25A/1376,22/06/2025,3,3,3,10070,intense heat
SO/25A/1482,22/06/2025,4,4,4,10020,Well Relax
SO/25A/1218,23/06/2025,5,4,4,5091,"Relaxed, famished"
SO/25A/1492,23/06/2025,5,3,3,4478,Relaxed
SO/25A/2208,23/06/2025,4,3,3,6969,busted knee
SO/25A/1661,23/06/2025,4,3,4,10531,stressful
SO/25A/1756,23/06/2025,5,4,4,3,intense heat
SO/25A/1621,23/06/2025,6,3,4,3109,Dehydration
SO/25A/1336,23/06/2025,5,3,4,1000,"heat, dehydration"
SO/25A/1337,23/06/2025,3,2,1,6945,"home sick, intense heat."
SO/25A/2098,23/06/2025,2.5,2,1,9776,stressful
SO/25A/1626,23/06/2025,4.5,3,4,5563,heat
SO/25A/1621,23/06/2025,5,4,3,3789,sunny
SO/25A/1309,24/06/2025,4,3,,10000,"water allergy,sun and heat"
SO/25A/1678,24/06/2025,4,3,3,6000,water allergy and heat
SO/25A/2098,24/06/2025,2.5,2,1,16071,heat and stress
SO/25A/1366,24/06/2025,4,4,4,4423,stressed
SO/25A/1578,24/06/2025,3,1,5,7000,Stressed
SO/25A/1644,24/06/2025,5,4,4,4100,stressed
SO/25A/1910,24/06/2025,4,4,4,7000,Dehydrated and stressed
SO/25A/2208,24/06/2025,5,3,3,10119,misinformed
SO/25A/1626,24/06/2025,5,3,4,2433,nill
SO/25A/9032,24/06/2025,4,4,4,6180,parade engagement
SO/25A/2065,24/06/2025,4,4,4,17000,suny and stressed
SO/25A/2051,25/06/2025,4,4,3,12000,Stressed